id,firstname,lastname,email,email2,profession
100,Candi,Dermott,Candi.Dermott@yopmail.com,Candi.Dermott@gmail.com,firefighter
101,Noelle,Saint,Noelle.Saint@yopmail.com,Noelle.Saint@gmail.com,doctor
102,Suzette,Kathie,Suzette.Kathie@yopmail.com,Suzette.Kathie@gmail.com,firefighter
103,Hyacinthe,Stelle,Hyacinthe.Stelle@yopmail.com,Hyacinthe.Stelle@gmail.com,police officer
104,Philis,Keily,Philis.Keily@yopmail.com,Philis.Keily@gmail.com,doctor
105,Alameda,Gherardo,Alameda.Gherardo@yopmail.com,Alameda.Gherardo@gmail.com,worker
106,Chere,Gaspard,Chere.Gaspard@yopmail.com,Chere.Gaspard@gmail.com,police officer
107,Cristine,Marden,Cristine.Marden@yopmail.com,Cristine.Marden@gmail.com,developer
108,Shauna,Corrine,Shauna.Corrine@yopmail.com,Shauna.Corrine@gmail.com,doctor
109,Edee,Fosque,Edee.Fosque@yopmail.com,Edee.Fosque@gmail.com,firefighter